item,sent_id,source,correct_sentence,correct_form,lemma,mutation_type,trigger_type,specific_trigger,token_id,prev_word,incorrect_form,incorrect_sentence,num_diffs
0,0,https://www.bbc.com/cymrufyw/erthyglau/cx2d29p7yeko,"Oedd y fflam yn cael ei phasio o un gymuned i'r llall, ac ym mhob cymuned wedyn roedd digwyddiadau fel gigs a gweithgareddau i gydfynd â'r ras.",phasio,pasio,AM,L,ei,7.0,ei,pasio,"Oedd y fflam yn cael ei pasio o un gymuned i'r llall, ac ym mhob cymuned wedyn roedd digwyddiadau fel gigs a gweithgareddau i gydfynd â'r ras.",1
1,0,https://www.bbc.com/cymrufyw/erthyglau/cx2d29p7yeko,"Oedd y fflam yn cael ei phasio o un gymuned i'r llall, ac ym mhob cymuned wedyn roedd digwyddiadau fel gigs a gweithgareddau i gydfynd â'r ras.",mhob,pob,NM,L,ym,15.0,ym,pob,"Oedd y fflam yn cael ei phasio o un gymuned i'r llall, ac ym pob cymuned wedyn roedd digwyddiadau fel gigs a gweithgareddau i gydfynd â'r ras.",1
2,0,https://www.bbc.com/cymrufyw/erthyglau/cx2d29p7yeko,"Oedd y fflam yn cael ei phasio o un gymuned i'r llall, ac ym mhob cymuned wedyn roedd digwyddiadau fel gigs a gweithgareddau i gydfynd â'r ras.",gydfynd,cydfynd,SM,L,i,25.0,i,cydfynd,"Oedd y fflam yn cael ei phasio o un gymuned i'r llall, ac ym mhob cymuned wedyn roedd digwyddiadau fel gigs a gweithgareddau i cydfynd â'r ras.",1
3,0,https://www.bbc.com/cymrufyw/erthyglau/cx2d29p7yeko,"Oedd y fflam yn cael ei phasio o un gymuned i'r llall, ac ym mhob cymuned wedyn roedd digwyddiadau fel gigs a gweithgareddau i gydfynd â'r ras.",cael,cael,no_AM,no_mutation,no_mutation,5.0,yn,chael,"Oedd y fflam yn chael ei phasio o un gymuned i'r llall, ac ym mhob cymuned wedyn roedd digwyddiadau fel gigs a gweithgareddau i gydfynd â'r ras.",1
4,0,https://www.bbc.com/cymrufyw/erthyglau/cx2d29p7yeko,"Oedd y fflam yn cael ei phasio o un gymuned i'r llall, ac ym mhob cymuned wedyn roedd digwyddiadau fel gigs a gweithgareddau i gydfynd â'r ras.",gymuned,cymuned,SM,MS,num_fem_sing_noun,10.0,un,cymuned,"Oedd y fflam yn cael ei phasio o un cymuned i'r llall, ac ym mhob cymuned wedyn roedd digwyddiadau fel gigs a gweithgareddau i gydfynd â'r ras.",1
5,1,https://www.bbc.com/cymrufyw/erthyglau/cx2d29p7yeko,"O'n ni yn rhan o'r ras oedd yng nghanol dinas Barcelona, lle 'naethon nhw wahodd cymunedau o ieithoedd lleiafrifol eraill atyn nhw.",nghanol,canol,NM,L,yng,9.0,yng,canol,"O'n ni yn rhan o'r ras oedd yng canol dinas Barcelona, lle 'naethon nhw wahodd cymunedau o ieithoedd lleiafrifol eraill atyn nhw.",1
6,1,https://www.bbc.com/cymrufyw/erthyglau/cx2d29p7yeko,"O'n ni yn rhan o'r ras oedd yng nghanol dinas Barcelona, lle 'naethon nhw wahodd cymunedau o ieithoedd lleiafrifol eraill atyn nhw.",rhan,rhan,no_SM,no_mutation,no_mutation,4.0,yn,ran,"O'n ni yn ran o'r ras oedd yng nghanol dinas Barcelona, lle 'naethon nhw wahodd cymunedau o ieithoedd lleiafrifol eraill atyn nhw.",1
7,1,https://www.bbc.com/cymrufyw/erthyglau/cx2d29p7yeko,"O'n ni yn rhan o'r ras oedd yng nghanol dinas Barcelona, lle 'naethon nhw wahodd cymunedau o ieithoedd lleiafrifol eraill atyn nhw.",wahodd,gwahodd,SM,MS,direct_object_mutation,15.0,nhw,gwahodd,"O'n ni yn rhan o'r ras oedd yng nghanol dinas Barcelona, lle 'naethon nhw gwahodd cymunedau o ieithoedd lleiafrifol eraill atyn nhw.",1
8,2,https://www.bbc.com/cymrufyw/erthyglau/cx21lw1w09jo,"Y gred yw bod y system bresennol â chapasiti i bweru tua 144,000 o gartrefi.",gred,cred,SM,MS,def_art_fem_sing_noun,2.0,Y,cred,"Y cred yw bod y system bresennol â chapasiti i bweru tua 144,000 o gartrefi.",1
9,2,https://www.bbc.com/cymrufyw/erthyglau/cx21lw1w09jo,"Y gred yw bod y system bresennol â chapasiti i bweru tua 144,000 o gartrefi.",bresennol,presennol,SM,MS,fem_sing_noun_modifier,7.0,system,presennol,"Y gred yw bod y system presennol â chapasiti i bweru tua 144,000 o gartrefi.",1
10,2,https://www.bbc.com/cymrufyw/erthyglau/cx21lw1w09jo,"Y gred yw bod y system bresennol â chapasiti i bweru tua 144,000 o gartrefi.",chapasiti,capasiti,AM,L,â,9.0,â,capasiti,"Y gred yw bod y system bresennol â capasiti i bweru tua 144,000 o gartrefi.",1
11,2,https://www.bbc.com/cymrufyw/erthyglau/cx21lw1w09jo,"Y gred yw bod y system bresennol â chapasiti i bweru tua 144,000 o gartrefi.",bweru,pweru,SM,L,i,11.0,i,pweru,"Y gred yw bod y system bresennol â chapasiti i pweru tua 144,000 o gartrefi.",1
12,3,https://www.bbc.com/cymrufyw/erthyglau/cx21lw1w09jo,"Y prosiect mwyaf sydd ar y gweill yw fferm solar Alaw Môn ar Ynys Môn, fydd yn 660 erw o faint",prosiect,prosiect,no_AM,no_mutation,no_mutation,2.0,Y,phrosiect,"Y phrosiect mwyaf sydd ar y gweill yw fferm solar Alaw Môn ar Ynys Môn, fydd yn 660 erw o faint",1
13,3,https://www.bbc.com/cymrufyw/erthyglau/cx21lw1w09jo,"Y prosiect mwyaf sydd ar y gweill yw fferm solar Alaw Môn ar Ynys Môn, fydd yn 660 erw o faint",fydd,bod,SM,MS,relative_zero_trigger,16.0,Môn,bydd,"Y prosiect mwyaf sydd ar y gweill yw fferm solar Alaw Môn ar Ynys Môn, bydd yn 660 erw o faint",1
14,4,https://www.bbc.com/cymrufyw/erthyglau/cp8p3j4er7eo,"Fis diwethaf fe gipiodd y Cofis Gwpan Cymru am y tro cyntaf yn hanes y clwb, gan sicrhau lle yng Nghyngres Europa y tymor nesaf.",Fis,mis,SM,MS,adverb_time_place_manner,1.0,,Mis,"Mis diwethaf fe gipiodd y Cofis Gwpan Cymru am y tro cyntaf yn hanes y clwb, gan sicrhau lle yng Nghyngres Europa y tymor nesaf.",1
15,4,https://www.bbc.com/cymrufyw/erthyglau/cp8p3j4er7eo,"Fis diwethaf fe gipiodd y Cofis Gwpan Cymru am y tro cyntaf yn hanes y clwb, gan sicrhau lle yng Nghyngres Europa y tymor nesaf.",cyntaf,cyntaf,no_AM,no_mutation,no_mutation,12.0,tro,chyntaf,"Fis diwethaf fe gipiodd y Cofis Gwpan Cymru am y tro chyntaf yn hanes y clwb, gan sicrhau lle yng Nghyngres Europa y tymor nesaf.",1
16,4,https://www.bbc.com/cymrufyw/erthyglau/cp8p3j4er7eo,"Fis diwethaf fe gipiodd y Cofis Gwpan Cymru am y tro cyntaf yn hanes y clwb, gan sicrhau lle yng Nghyngres Europa y tymor nesaf.",gipiodd,cipio,SM,L,fe,4.0,fe,cipiodd,"Fis diwethaf fe cipiodd y Cofis Gwpan Cymru am y tro cyntaf yn hanes y clwb, gan sicrhau lle yng Nghyngres Europa y tymor nesaf.",1
17,4,https://www.bbc.com/cymrufyw/erthyglau/cp8p3j4er7eo,"Fis diwethaf fe gipiodd y Cofis Gwpan Cymru am y tro cyntaf yn hanes y clwb, gan sicrhau lle yng Nghyngres Europa y tymor nesaf.",Nghyngres,cyngres,NM,L,yng,21.0,yng,Cyngres,"Fis diwethaf fe gipiodd y Cofis Gwpan Cymru am y tro cyntaf yn hanes y clwb, gan sicrhau lle yng Cyngres Europa y tymor nesaf.",1
18,5,https://www.bbc.com/cymrufyw/erthyglau/cp8p3j4er7eo,Enillodd y tîm Gwpan Ieuenctid Cymru ddechrau Ebrill a chyn diwedd y mis fe gafodd y tîm merched eu coroni'n bencampwyr.,Gwpan,cwpan,SM,MS,direct_object_mutation,4.0,tîm,Cwpan,Enillodd y tîm Cwpan Ieuenctid Cymru ddechrau Ebrill a chyn diwedd y mis fe gafodd y tîm merched eu coroni'n bencampwyr.,1
19,5,https://www.bbc.com/cymrufyw/erthyglau/cp8p3j4er7eo,Enillodd y tîm Gwpan Ieuenctid Cymru ddechrau Ebrill a chyn diwedd y mis fe gafodd y tîm merched eu coroni'n bencampwyr.,ddechrau,dechrau,SM,MS,adverb_time_place_manner,7.0,Cymru,dechrau,Enillodd y tîm Gwpan Ieuenctid Cymru dechrau Ebrill a chyn diwedd y mis fe gafodd y tîm merched eu coroni'n bencampwyr.,1
20,5,https://www.bbc.com/cymrufyw/erthyglau/cp8p3j4er7eo,Enillodd y tîm Gwpan Ieuenctid Cymru ddechrau Ebrill a chyn diwedd y mis fe gafodd y tîm merched eu coroni'n bencampwyr.,chyn,cyn,AM,L,a,10.0,a,cyn,Enillodd y tîm Gwpan Ieuenctid Cymru ddechrau Ebrill a cyn diwedd y mis fe gafodd y tîm merched eu coroni'n bencampwyr.,1
21,5,https://www.bbc.com/cymrufyw/erthyglau/cp8p3j4er7eo,Enillodd y tîm Gwpan Ieuenctid Cymru ddechrau Ebrill a chyn diwedd y mis fe gafodd y tîm merched eu coroni'n bencampwyr.,Cymru,Cymru,no_AM,no_mutation,no_mutation,6.0,Ieuenctid,Chymru,Enillodd y tîm Gwpan Ieuenctid Chymru ddechrau Ebrill a chyn diwedd y mis fe gafodd y tîm merched eu coroni'n bencampwyr.,1
22,5,https://www.bbc.com/cymrufyw/erthyglau/cp8p3j4er7eo,Enillodd y tîm Gwpan Ieuenctid Cymru ddechrau Ebrill a chyn diwedd y mis fe gafodd y tîm merched eu coroni'n bencampwyr.,gafodd,cael,SM,L,fe,15.0,fe,cafodd,Enillodd y tîm Gwpan Ieuenctid Cymru ddechrau Ebrill a chyn diwedd y mis fe cafodd y tîm merched eu coroni'n bencampwyr.,1
23,5,https://www.bbc.com/cymrufyw/erthyglau/cp8p3j4er7eo,Enillodd y tîm Gwpan Ieuenctid Cymru ddechrau Ebrill a chyn diwedd y mis fe gafodd y tîm merched eu coroni'n bencampwyr.,bencampwyr,pencampwr,SM,MS,yn_complement_adj_noun,21.0,coroni'n,pencampwyr,Enillodd y tîm Gwpan Ieuenctid Cymru ddechrau Ebrill a chyn diwedd y mis fe gafodd y tîm merched eu coroni'n pencampwyr.,1
24,6,https://www.bbc.com/cymrufyw/erthyglau/c05drnrq3d6o,"Yn 1911, enillodd fedal aur yr Academi Frenhinol – yr artist ieuengaf erioed ar y pryd, a'r cyntaf o Gymru",fedal,medal,SM,MS,direct_object_mutation,4.0,enillodd,medal,"Yn 1911, enillodd medal aur yr Academi Frenhinol – yr artist ieuengaf erioed ar y pryd, a'r cyntaf o Gymru",1
25,6,https://www.bbc.com/cymrufyw/erthyglau/c05drnrq3d6o,"Yn 1911, enillodd fedal aur yr Academi Frenhinol – yr artist ieuengaf erioed ar y pryd, a'r cyntaf o Gymru",Frenhinol,brenhinol,SM,MS,fem_sing_noun_modifier,8.0,Academi,Brenhinol,"Yn 1911, enillodd fedal aur yr Academi Brenhinol – yr artist ieuengaf erioed ar y pryd, a'r cyntaf o Gymru",1
26,6,https://www.bbc.com/cymrufyw/erthyglau/c05drnrq3d6o,"Yn 1911, enillodd fedal aur yr Academi Frenhinol – yr artist ieuengaf erioed ar y pryd, a'r cyntaf o Gymru",pryd,pryd,no_AM,no_mutation,no_mutation,16.0,y,phryd,"Yn 1911, enillodd fedal aur yr Academi Frenhinol – yr artist ieuengaf erioed ar y phryd, a'r cyntaf o Gymru",1
27,6,https://www.bbc.com/cymrufyw/erthyglau/c05drnrq3d6o,"Yn 1911, enillodd fedal aur yr Academi Frenhinol – yr artist ieuengaf erioed ar y pryd, a'r cyntaf o Gymru",Gymru,Cymru,SM,L,o,20.0,o,Cymru,"Yn 1911, enillodd fedal aur yr Academi Frenhinol – yr artist ieuengaf erioed ar y pryd, a'r cyntaf o Cymru",1
28,7,https://www.bbc.com/cymrufyw/erthyglau/c05drnrq3d6o,"Yn ystod y Rhyfel Byd Cyntaf, gofynnodd hi i'r Gweinidog Rhyfel, David Lloyd George, os y câi ei phenodi yn artist rhyfel.",phenodi,penodi,AM,L,ei,19.0,ei,penodi,"Yn ystod y Rhyfel Byd Cyntaf, gofynnodd hi i'r Gweinidog Rhyfel, David Lloyd George, os y câi ei penodi yn artist rhyfel.",1
29,8,https://www.bbc.com/cymrufyw/erthyglau/ce8p08m35pxo,Mae hwn yn fy atgoffa o fy mhlentyndod ac yn golygu lot i bobl leol hefyd.,mhlentyndod,plentyndod,NM,L,fy,8.0,fy,plentyndod,Mae hwn yn fy atgoffa o fy plentyndod ac yn golygu lot i bobl leol hefyd.,1
30,8,https://www.bbc.com/cymrufyw/erthyglau/ce8p08m35pxo,Mae hwn yn fy atgoffa o fy mhlentyndod ac yn golygu lot i bobl leol hefyd.,bobl,pobl,SM,L,i,14.0,i,pobl,Mae hwn yn fy atgoffa o fy mhlentyndod ac yn golygu lot i pobl leol hefyd.,1
31,8,https://www.bbc.com/cymrufyw/erthyglau/ce8p08m35pxo,Mae hwn yn fy atgoffa o fy mhlentyndod ac yn golygu lot i bobl leol hefyd.,leol,lleol,SM,MS,fem_sing_noun_modifier,15.0,bobl,lleol,Mae hwn yn fy atgoffa o fy mhlentyndod ac yn golygu lot i bobl lleol hefyd.,1
32,9,https://www.bbc.com/cymrufyw/erthyglau/ce8p08m35pxo,Wnaeth Dafydd wireddu breuddwyd a phasio ei brawf gyrru bysiau a chael gyrru bws ei hun.,bws,bws,no_SM,no_mutation,no_mutation,14.0,gyrru,fws,Wnaeth Dafydd wireddu breuddwyd a phasio ei brawf gyrru bysiau a chael gyrru fws ei hun.,1
33,9,https://www.bbc.com/cymrufyw/erthyglau/ce8p08m35pxo,Wnaeth Dafydd wireddu breuddwyd a phasio ei brawf gyrru bysiau a chael gyrru bws ei hun.,Wnaeth,gwneud,SM,MS,inflected_zero_trigger,1.0,,Gwnaeth,Gwnaeth Dafydd wireddu breuddwyd a phasio ei brawf gyrru bysiau a chael gyrru bws ei hun.,1
34,9,https://www.bbc.com/cymrufyw/erthyglau/ce8p08m35pxo,Wnaeth Dafydd wireddu breuddwyd a phasio ei brawf gyrru bysiau a chael gyrru bws ei hun.,wireddu,gwireddu,SM,MS,direct_object_mutation,3.0,Dafydd,gwireddu,Wnaeth Dafydd gwireddu breuddwyd a phasio ei brawf gyrru bysiau a chael gyrru bws ei hun.,1
35,9,https://www.bbc.com/cymrufyw/erthyglau/ce8p08m35pxo,Wnaeth Dafydd wireddu breuddwyd a phasio ei brawf gyrru bysiau a chael gyrru bws ei hun.,phasio,pasio,AM,L,a,6.0,a,pasio,Wnaeth Dafydd wireddu breuddwyd a pasio ei brawf gyrru bysiau a chael gyrru bws ei hun.,1
36,9,https://www.bbc.com/cymrufyw/erthyglau/ce8p08m35pxo,Wnaeth Dafydd wireddu breuddwyd a phasio ei brawf gyrru bysiau a chael gyrru bws ei hun.,chael,cael,AM,L,a,12.0,a,cael,Wnaeth Dafydd wireddu breuddwyd a phasio ei brawf gyrru bysiau a cael gyrru bws ei hun.,1
37,10,https://www.bbc.com/cymrufyw/erthyglau/cvgz5g1d5zpo,"Mae prosiect Hwb y Gors wedi tyfu a thyfu, ac maen nhw bellach wedi agor canolfan newydd.",canolfan,canolfan,no_SM,no_mutation,no_mutation,16.0,agor,ganolfan,"Mae prosiect Hwb y Gors wedi tyfu a thyfu, ac maen nhw bellach wedi agor ganolfan newydd.",1
38,10,https://www.bbc.com/cymrufyw/erthyglau/cvgz5g1d5zpo,"Mae prosiect Hwb y Gors wedi tyfu a thyfu, ac maen nhw bellach wedi agor canolfan newydd.",tyfu,tyfu,no_AM,no_mutation,no_mutation,7.0,wedi,thyfu,"Mae prosiect Hwb y Gors wedi thyfu a thyfu, ac maen nhw bellach wedi agor canolfan newydd.",1
39,10,https://www.bbc.com/cymrufyw/erthyglau/cvgz5g1d5zpo,"Mae prosiect Hwb y Gors wedi tyfu a thyfu, ac maen nhw bellach wedi agor canolfan newydd.",thyfu,tyfu,AM,L,a,9.0,a,tyfu,"Mae prosiect Hwb y Gors wedi tyfu a tyfu, ac maen nhw bellach wedi agor canolfan newydd.",1
40,11,https://www.bbc.com/cymrufyw/erthyglau/cvgz5g1d5zpo,Mae rhai wedi cwestiynu faint sy'n poeni am yr hinsawdd erbyn hyn gyda chostau byw'n dominyddu'r sgyrsiau.,poeni,poeni,no_SM,no_mutation,no_mutation,7.0,sy'n,boeni,Mae rhai wedi cwestiynu faint sy'n boeni am yr hinsawdd erbyn hyn gyda chostau byw'n dominyddu'r sgyrsiau.,1
41,11,https://www.bbc.com/cymrufyw/erthyglau/cvgz5g1d5zpo,Mae rhai wedi cwestiynu faint sy'n poeni am yr hinsawdd erbyn hyn gyda chostau byw'n dominyddu'r sgyrsiau.,chostau,cost,AM,L,gyda,14.0,gyda,costau,Mae rhai wedi cwestiynu faint sy'n poeni am yr hinsawdd erbyn hyn gyda costau byw'n dominyddu'r sgyrsiau.,1
42,12,https://www.bbc.com/cymrufyw/erthyglau/c7v9519jy8po,Mae Capel Jewin yn nwyrain Llundain yn un o'r ychydig gapeli Cymraeg sydd ar ôl yn y ddinas.,nwyrain,dwyrain,NM,L,yn,5.0,yn,dwyrain,Mae Capel Jewin yn dwyrain Llundain yn un o'r ychydig gapeli Cymraeg sydd ar ôl yn y ddinas.,1
43,12,https://www.bbc.com/cymrufyw/erthyglau/c7v9519jy8po,Mae Capel Jewin yn nwyrain Llundain yn un o'r ychydig gapeli Cymraeg sydd ar ôl yn y ddinas.,gapeli,capeli,SM,L,ychydig,11.0,ychydig,capeli,Mae Capel Jewin yn nwyrain Llundain yn un o'r ychydig capeli Cymraeg sydd ar ôl yn y ddinas.,1
44,12,https://www.bbc.com/cymrufyw/erthyglau/c7v9519jy8po,Mae Capel Jewin yn nwyrain Llundain yn un o'r ychydig gapeli Cymraeg sydd ar ôl yn y ddinas.,ddinas,dinas,SM,MS,def_art_fem_sing_noun,18.0,y,dinas,Mae Capel Jewin yn nwyrain Llundain yn un o'r ychydig gapeli Cymraeg sydd ar ôl yn y dinas.,1
45,13,https://www.bbc.com/cymrufyw/erthyglau/c7v9519jy8po,Mae 'na luniau o orffennol cythryblus iawn - ond wedi'r gyflafan fe godwyd capel arall.,luniau,llun,SM,MS,non_normal_word_order,3.0,na,lluniau,Mae 'na lluniau o orffennol cythryblus iawn - ond wedi'r gyflafan fe godwyd capel arall.,1
46,13,https://www.bbc.com/cymrufyw/erthyglau/c7v9519jy8po,Mae 'na luniau o orffennol cythryblus iawn - ond wedi'r gyflafan fe godwyd capel arall.,cythryblus,cythyrblus,no_AM,no_mutation,no_mutation,6.0,orffennol,chythryblus,Mae 'na luniau o orffennol chythryblus iawn - ond wedi'r gyflafan fe godwyd capel arall.,1
47,13,https://www.bbc.com/cymrufyw/erthyglau/c7v9519jy8po,Mae 'na luniau o orffennol cythryblus iawn - ond wedi'r gyflafan fe godwyd capel arall.,orffennol,gorffennol,SM,L,o,5.0,o,gorffennol,Mae 'na luniau o gorffennol cythryblus iawn - ond wedi'r gyflafan fe godwyd capel arall.,1
48,13,https://www.bbc.com/cymrufyw/erthyglau/c7v9519jy8po,Mae 'na luniau o orffennol cythryblus iawn - ond wedi'r gyflafan fe godwyd capel arall.,gyflafan,cyflafan,SM,MS,def_art_fem_sing_noun,11.0,wedi'r,cyflafan,Mae 'na luniau o orffennol cythryblus iawn - ond wedi'r cyflafan fe godwyd capel arall.,1
49,13,https://www.bbc.com/cymrufyw/erthyglau/c7v9519jy8po,Mae 'na luniau o orffennol cythryblus iawn - ond wedi'r gyflafan fe godwyd capel arall.,godwyd,codwyd,SM,L,fe,13.0,fe,codwyd,Mae 'na luniau o orffennol cythryblus iawn - ond wedi'r gyflafan fe codwyd capel arall.,1
50,14,https://www.bbc.com/cymrufyw/erthyglau/cn0p1xz4jd1o,Bydd adrannau sydd â pherfformiad isel o ran y Gymraeg yn cael cynnig hyfforddiant ychwanegol.,pherfformiad,perfformiad,AM,L,â,5.0,â,perfformiad,Bydd adrannau sydd â perfformiad isel o ran y Gymraeg yn cael cynnig hyfforddiant ychwanegol.,1
51,15,https://www.bbc.com/cymrufyw/erthyglau/cn0p1xz4jd1o,Bydd polisi newydd yn ceisio cynyddu'r defnydd o'r Gymraeg ymysgn staff a chynghorwyr.,Gymraeg,Cymraeg,SM,MS,def_art_fem_sing_noun,9.0,o'r,Cymraeg,Bydd polisi newydd yn ceisio cynyddu'r defnydd o'r Cymraeg ymysgn staff a chynghorwyr.,1
52,15,https://www.bbc.com/cymrufyw/erthyglau/cn0p1xz4jd1o,Bydd polisi newydd yn ceisio cynyddu'r defnydd o'r Gymraeg ymysgn staff a chynghorwyr.,chynghorwyr,cynghorwyr,AM,L,a,13.0,a,cynghorwyr,Bydd polisi newydd yn ceisio cynyddu'r defnydd o'r Gymraeg ymysgn staff a cynghorwyr.,1
53,16,https://www.bbc.com/cymrufyw/erthyglau/c79jp7g02ldo,"Mae gyda hi syndrom ofari polycystig (PCOS), sydd wedi cael effaith ar ei phwysau.",phwysau,pwysau,AM,L,ei,14.0,ei,pwysau,"Mae gyda hi syndrom ofari polycystig (PCOS), sydd wedi cael effaith ar ei pwysau.",1
54,17,https://www.bbc.com/cymrufyw/erthyglau/c79jp7g02ldo,Dywedodd Bethan nad yw'n ymarferol iddi dalu am y driniaeth yn y tymor hir.,dalu,talu,SM,MS,i_plus_NP,7.0,iddi,talu,Dywedodd Bethan nad yw'n ymarferol iddi talu am y driniaeth yn y tymor hir.,1
55,17,https://www.bbc.com/cymrufyw/erthyglau/c79jp7g02ldo,Dywedodd Bethan nad yw'n ymarferol iddi dalu am y driniaeth yn y tymor hir.,driniaeth,triniaeth,SM,MS,def_art_fem_sing_noun,10.0,y,triniaeth,Dywedodd Bethan nad yw'n ymarferol iddi dalu am y triniaeth yn y tymor hir.,1
56,18,https://www.bbc.com/cymrufyw/erthyglau/c3e29x99y10o,Oedd e'n gyfrifol am yr ymchwil ar y cyd â Phrifysgol Abertawe.,gyfrifol,cyfrifol,SM,MS,yn_complement_adj_noun,3.0,e'n,cyfrifol,Oedd e'n cyfrifol am yr ymchwil ar y cyd â Phrifysgol Abertawe.,1
57,18,https://www.bbc.com/cymrufyw/erthyglau/c3e29x99y10o,Oedd e'n gyfrifol am yr ymchwil ar y cyd â Phrifysgol Abertawe.,Phrifysgol,prifysgol,AM,L,â,11.0,â,Prifysgol,Oedd e'n gyfrifol am yr ymchwil ar y cyd â Prifysgol Abertawe.,1
58,19,https://www.bbc.com/cymrufyw/erthyglau/c3e29x99y10o,Mae ymchwil y tîm wedi'i gyhoeddi yng nghyfnodolyn Global Ecology and Conservation.,gyhoeddi,cyhoeddi,SM,L,i,6.0,wedi'i,cyhoeddi,Mae ymchwil y tîm wedi'i cyhoeddi yng nghyfnodolyn Global Ecology and Conservation.,1
59,19,https://www.bbc.com/cymrufyw/erthyglau/c3e29x99y10o,Mae ymchwil y tîm wedi'i gyhoeddi yng nghyfnodolyn Global Ecology and Conservation.,nghyfnodolyn,cyfnodolyn,NM,L,yng,8.0,yng,cyfnodolyn,Mae ymchwil y tîm wedi'i gyhoeddi yng cyfnodolyn Global Ecology and Conservation.,1
60,20,https://www.bbc.com/cymrufyw/erthyglau/c302pl8mv7po,Mae strwythurau diogelu'r amgylchedd yng Ngwent wedi'u cryfhau.,Ngwent,Gwent,NM,L,yng,6.0,yng,Gwent,Mae strwythurau diogelu'r amgylchedd yng Gwent wedi'u cryfhau.,1
61,21,https://www.bbc.com/cymrufyw/erthyglau/c302pl8mv7po,Mae maniffesto'r Blaid Werdd yn dweud mai cynnal a chadw yw'r flaenoriaeth.,Blaid,plaid,SM,MS,def_art_fem_sing_noun,3.0,maniffesto'r,Plaid,Mae maniffesto'r Plaid Werdd yn dweud mai cynnal a chadw yw'r flaenoriaeth.,1
62,21,https://www.bbc.com/cymrufyw/erthyglau/c302pl8mv7po,Mae maniffesto'r Blaid Werdd yn dweud mai cynnal a chadw yw'r flaenoriaeth.,chadw,cadw,AM,L,a,10.0,a,cadw,Mae maniffesto'r Blaid Werdd yn dweud mai cynnal a cadw yw'r flaenoriaeth.,1
63,21,https://www.bbc.com/cymrufyw/erthyglau/c302pl8mv7po,Mae maniffesto'r Blaid Werdd yn dweud mai cynnal a chadw yw'r flaenoriaeth.,cynnal,cynnal,no_AM,no_mutation,no_mutation,8.0,mai,chynnal,Mae maniffesto'r Blaid Werdd yn dweud mai chynnal a chadw yw'r flaenoriaeth.,1
64,21,https://www.bbc.com/cymrufyw/erthyglau/c302pl8mv7po,Mae maniffesto'r Blaid Werdd yn dweud mai cynnal a chadw yw'r flaenoriaeth.,flaenoriaeth,blaenoriaeth,SM,MS,def_art_fem_sing_noun,12.0,yw'r,blaenoriaeth,Mae maniffesto'r Blaid Werdd yn dweud mai cynnal a chadw yw'r blaenoriaeth.,1
65,22,https://www.bbc.com/cymrufyw/erthyglau/cn9pl9edxdqo,"Gan fod cymaint o etholaethau, roedd yn rhaid i'r golygyddion ddewis a dethol lle dylid anfon gohebwyr a chamerâu.",gohebwyr,gohebwr,no_NM,no_mutation,no_mutation,17.0,anfon,ngohebwyr,"Gan fod cymaint o etholaethau, roedd yn rhaid i'r golygyddion ddewis a dethol lle dylid anfon ngohebwyr a chamerâu.",1
66,22,https://www.bbc.com/cymrufyw/erthyglau/cn9pl9edxdqo,"Gan fod cymaint o etholaethau, roedd yn rhaid i'r golygyddion ddewis a dethol lle dylid anfon gohebwyr a chamerâu.",ddewis,dewis,SM,MS,i_plus_NP,11.0,golygyddion,dewis,"Gan fod cymaint o etholaethau, roedd yn rhaid i'r golygyddion dewis a dethol lle dylid anfon gohebwyr a chamerâu.",1
67,22,https://www.bbc.com/cymrufyw/erthyglau/cn9pl9edxdqo,"Gan fod cymaint o etholaethau, roedd yn rhaid i'r golygyddion ddewis a dethol lle dylid anfon gohebwyr a chamerâu.",fod,bod,SM,L,gan,2.0,Gan,bod,"Gan bod cymaint o etholaethau, roedd yn rhaid i'r golygyddion ddewis a dethol lle dylid anfon gohebwyr a chamerâu.",1
68,22,https://www.bbc.com/cymrufyw/erthyglau/cn9pl9edxdqo,"Gan fod cymaint o etholaethau, roedd yn rhaid i'r golygyddion ddewis a dethol lle dylid anfon gohebwyr a chamerâu.",chamerâu,camera,AM,L,a,19.0,a,camerâu,"Gan fod cymaint o etholaethau, roedd yn rhaid i'r golygyddion ddewis a dethol lle dylid anfon gohebwyr a camerâu.",1
69,23,https://www.bbc.com/cymrufyw/erthyglau/cn9pl9edxdqo,Bydd gan y rhaglenni radio a theledu ohebwyr ym mhob etholaeth.,theledu,teledu,AM,L,a,7.0,a,teledu,Bydd gan y rhaglenni radio a teledu ohebwyr ym mhob etholaeth.,1
70,23,https://www.bbc.com/cymrufyw/erthyglau/cn9pl9edxdqo,Bydd gan y rhaglenni radio a theledu ohebwyr ym mhob etholaeth.,ohebwyr,gohebwr,SM,MS,non_normal_word_order,8.0,theledu,gohebwyr,Bydd gan y rhaglenni radio a theledu gohebwyr ym mhob etholaeth.,1
71,23,https://www.bbc.com/cymrufyw/erthyglau/cn9pl9edxdqo,Bydd gan y rhaglenni radio a theledu ohebwyr ym mhob etholaeth.,mhob,pobl,NM,L,ym,10.0,ym,pob,Bydd gan y rhaglenni radio a theledu ohebwyr ym pob etholaeth.,1
72,24,https://www.bbc.com/cymrufyw/erthyglau/cn9pl9edxdqo,"Ar ran BBC Cymru, hoffwn longyfarch Dewi yn gynnes wrth iddo gyhoeddi ei ymddeoliad ar ddiwedd gyrfa eithriadol.",ran,rhan,SM,L,ar,2.0,Ar,rhan,"Ar rhan BBC Cymru, hoffwn longyfarch Dewi yn gynnes wrth iddo gyhoeddi ei ymddeoliad ar ddiwedd gyrfa eithriadol.",1
73,24,https://www.bbc.com/cymrufyw/erthyglau/cn9pl9edxdqo,"Ar ran BBC Cymru, hoffwn longyfarch Dewi yn gynnes wrth iddo gyhoeddi ei ymddeoliad ar ddiwedd gyrfa eithriadol.",longyfarch,llongyfarch,SM,MS,direct_object_mutation,6.0,hoffwn,llongyfarch,"Ar ran BBC Cymru, hoffwn llongyfarch Dewi yn gynnes wrth iddo gyhoeddi ei ymddeoliad ar ddiwedd gyrfa eithriadol.",1
74,24,https://www.bbc.com/cymrufyw/erthyglau/cn9pl9edxdqo,"Ar ran BBC Cymru, hoffwn longyfarch Dewi yn gynnes wrth iddo gyhoeddi ei ymddeoliad ar ddiwedd gyrfa eithriadol.",gynnes,cynnes,SM,MS,yn_complement_adj_noun,9.0,yn,cynnes,"Ar ran BBC Cymru, hoffwn longyfarch Dewi yn cynnes wrth iddo gyhoeddi ei ymddeoliad ar ddiwedd gyrfa eithriadol.",1
75,24,https://www.bbc.com/cymrufyw/erthyglau/cn9pl9edxdqo,"Ar ran BBC Cymru, hoffwn longyfarch Dewi yn gynnes wrth iddo gyhoeddi ei ymddeoliad ar ddiwedd gyrfa eithriadol.",gyhoeddi,cyhoeddi,SM,MS,i_plus_NP,12.0,iddo,cyhoeddi,"Ar ran BBC Cymru, hoffwn longyfarch Dewi yn gynnes wrth iddo cyhoeddi ei ymddeoliad ar ddiwedd gyrfa eithriadol.",1
76,24,https://www.bbc.com/cymrufyw/erthyglau/cn9pl9edxdqo,"Ar ran BBC Cymru, hoffwn longyfarch Dewi yn gynnes wrth iddo gyhoeddi ei ymddeoliad ar ddiwedd gyrfa eithriadol.",ddiwedd,diwedd,SM,L,ar,16.0,ar,diwedd,"Ar ran BBC Cymru, hoffwn longyfarch Dewi yn gynnes wrth iddo gyhoeddi ei ymddeoliad ar diwedd gyrfa eithriadol.",1
77,25,https://www.bbc.com/cymrufyw/erthyglau/cn9pl9edxdqo,"Diolch o galon am gyfraniad arbennig iawn i newyddiaduraeth a darlledu yng Nghymru, a dymuniadau gorau i'r dyfodol.",darlledu,darlledu,no_NM,no_mutation,no_mutation,11.0,a,narlledu,"Diolch o galon am gyfraniad arbennig iawn i newyddiaduraeth a narlledu yng Nghymru, a dymuniadau gorau i'r dyfodol.",1
78,25,https://www.bbc.com/cymrufyw/erthyglau/cn9pl9edxdqo,"Diolch o galon am gyfraniad arbennig iawn i newyddiaduraeth a darlledu yng Nghymru, a dymuniadau gorau i'r dyfodol.",gyfraniad,cyfraniad,SM,L,am,5.0,am,cyfraniad,"Diolch o galon am cyfraniad arbennig iawn i newyddiaduraeth a darlledu yng Nghymru, a dymuniadau gorau i'r dyfodol.",1
79,25,https://www.bbc.com/cymrufyw/erthyglau/cn9pl9edxdqo,"Diolch o galon am gyfraniad arbennig iawn i newyddiaduraeth a darlledu yng Nghymru, a dymuniadau gorau i'r dyfodol.",Nghymru,Cymru,NM,L,yng,13.0,yng,Cymru,"Diolch o galon am gyfraniad arbennig iawn i newyddiaduraeth a darlledu yng Cymru, a dymuniadau gorau i'r dyfodol.",1
80,25,https://www.bbc.com/cymrufyw/erthyglau/cn9pl9edxdqo,"Diolch o galon am gyfraniad arbennig iawn i newyddiaduraeth a darlledu yng Nghymru, a dymuniadau gorau i'r dyfodol.",galon,calon,SM,L,o,3.0,o,calon,"Diolch o calon am gyfraniad arbennig iawn i newyddiaduraeth a darlledu yng Nghymru, a dymuniadau gorau i'r dyfodol.",1
81,26,https://www.bbc.com/cymrufyw/erthyglau/crrp9z7nd8no,Mae e'n honni bod mewnfudo yn effeithio ar allu ysgolion i addysgu'r Gymraeg ym Mangor.,allu,gallu,SM,L,am,9.0,ar,gallu,Mae e'n honni bod mewnfudo yn effeithio ar gallu ysgolion i addysgu'r Gymraeg ym Mangor.,1
82,26,https://www.bbc.com/cymrufyw/erthyglau/crrp9z7nd8no,Mae e'n honni bod mewnfudo yn effeithio ar allu ysgolion i addysgu'r Gymraeg ym Mangor.,Gymraeg,Cymraeg,SM,MS,def_art_fem_sing_noun,13.0,addysgu'r,Cymraeg,Mae e'n honni bod mewnfudo yn effeithio ar allu ysgolion i addysgu'r Cymraeg ym Mangor.,1
83,26,https://www.bbc.com/cymrufyw/erthyglau/crrp9z7nd8no,Mae e'n honni bod mewnfudo yn effeithio ar allu ysgolion i addysgu'r Gymraeg ym Mangor.,Mangor,Bangor,NM,L,ym,15.0,ym,Bangor,Mae e'n honni bod mewnfudo yn effeithio ar allu ysgolion i addysgu'r Gymraeg ym Bangor.,1
84,27,https://www.bbc.com/cymrufyw/erthyglau/crrp9z7nd8no,Maen nhw wir yn ei chael hi'n anodd ymdopi gyda'r nifer yna o ieithoedd newydd.,chael,cael,AM,L,ei,6.0,ei,cael,Maen nhw wir yn ei cael hi'n anodd ymdopi gyda'r nifer yna o ieithoedd newydd.,1
85,27,https://www.bbc.com/cymrufyw/erthyglau/crrp9z7nd8no,Maen nhw wir yn ei chael hi'n anodd ymdopi gyda'r nifer yna o ieithoedd newydd.,wir,gwir,SM,MS,adverb_time_place_manner,3.0,nhw,gwir,Maen nhw gwir yn ei chael hi'n anodd ymdopi gyda'r nifer yna o ieithoedd newydd.,1
86,28,https://www.bbc.com/cymrufyw/erthyglau/ckgpvn79ye8o,Fe weithiodd Gwasanaeth Tân ac Achub Canolbarth a Gorllewin Cymru i fynd i'r afael â thân yn ardal Cwm Elan ym Mhowys.,Cymru,Cymru,no_AM,no_mutation,no_mutation,10.0,Gorllewin,Chymru,Fe weithiodd Gwasanaeth Tân ac Achub Canolbarth a Gorllewin Chymru i fynd i'r afael â thân yn ardal Cwm Elan ym Mhowys.,1
87,28,https://www.bbc.com/cymrufyw/erthyglau/ckgpvn79ye8o,Fe weithiodd Gwasanaeth Tân ac Achub Canolbarth a Gorllewin Cymru i fynd i'r afael â thân yn ardal Cwm Elan ym Mhowys.,weithiodd,gweithio,SM,L,fe,2.0,Fe,gweithiodd,Fe gweithiodd Gwasanaeth Tân ac Achub Canolbarth a Gorllewin Cymru i fynd i'r afael â thân yn ardal Cwm Elan ym Mhowys.,1
88,28,https://www.bbc.com/cymrufyw/erthyglau/ckgpvn79ye8o,Fe weithiodd Gwasanaeth Tân ac Achub Canolbarth a Gorllewin Cymru i fynd i'r afael â thân yn ardal Cwm Elan ym Mhowys.,fynd,mynd,SM,L,i,12.0,i,mynd,Fe weithiodd Gwasanaeth Tân ac Achub Canolbarth a Gorllewin Cymru i mynd i'r afael â thân yn ardal Cwm Elan ym Mhowys.,1
89,28,https://www.bbc.com/cymrufyw/erthyglau/ckgpvn79ye8o,Fe weithiodd Gwasanaeth Tân ac Achub Canolbarth a Gorllewin Cymru i fynd i'r afael â thân yn ardal Cwm Elan ym Mhowys.,afael,gafael,SM,MS,def_art_fem_sing_noun,14.0,i'r,gafael,Fe weithiodd Gwasanaeth Tân ac Achub Canolbarth a Gorllewin Cymru i fynd i'r gafael â thân yn ardal Cwm Elan ym Mhowys.,1
90,28,https://www.bbc.com/cymrufyw/erthyglau/ckgpvn79ye8o,Fe weithiodd Gwasanaeth Tân ac Achub Canolbarth a Gorllewin Cymru i fynd i'r afael â thân yn ardal Cwm Elan ym Mhowys.,thân,tân,AM,L,â,16.0,â,tân,Fe weithiodd Gwasanaeth Tân ac Achub Canolbarth a Gorllewin Cymru i fynd i'r afael â tân yn ardal Cwm Elan ym Mhowys.,1
91,28,https://www.bbc.com/cymrufyw/erthyglau/ckgpvn79ye8o,Fe weithiodd Gwasanaeth Tân ac Achub Canolbarth a Gorllewin Cymru i fynd i'r afael â thân yn ardal Cwm Elan ym Mhowys.,Mhowys,Powys,NM,L,ym,22.0,ym,Powys,Fe weithiodd Gwasanaeth Tân ac Achub Canolbarth a Gorllewin Cymru i fynd i'r afael â thân yn ardal Cwm Elan ym Powys.,1
92,29,https://www.bbc.com/cymrufyw/erthyglau/ckgpvn79ye8o,"Gyda phenwythnos gŵyl y banc yn agosáu, rydym yn annog pawb i gymryd y risg hon o ddifrif.",phenwythnos,penwythnos,AM,L,gyda,2.0,Gyda,penwythnos,"Gyda penwythnos gŵyl y banc yn agosáu, rydym yn annog pawb i gymryd y risg hon o ddifrif.",1
93,29,https://www.bbc.com/cymrufyw/erthyglau/ckgpvn79ye8o,"Gyda phenwythnos gŵyl y banc yn agosáu, rydym yn annog pawb i gymryd y risg hon o ddifrif.",gymryd,cymryd,SM,L,i,13.0,i,cymryd,"Gyda phenwythnos gŵyl y banc yn agosáu, rydym yn annog pawb i cymryd y risg hon o ddifrif.",1
94,29,https://www.bbc.com/cymrufyw/erthyglau/ckgpvn79ye8o,"Gyda phenwythnos gŵyl y banc yn agosáu, rydym yn annog pawb i gymryd y risg hon o ddifrif.",ddifrif,difrif,SM,L,o,18.0,o,difrif,"Gyda phenwythnos gŵyl y banc yn agosáu, rydym yn annog pawb i gymryd y risg hon o difrif.",1
95,30,https://www.bbc.com/cymrufyw/erthyglau/czj27yx84y2o,"Gwrthododd ddangos ei ddwylo, roedd yn dreisgar a pharhaodd i fod yn fygythiad clir.",ddangos,dangos,SM,MS,direct_object_mutation,2.0,Gwrthododd,dangos,"Gwrthododd dangos ei ddwylo, roedd yn dreisgar a pharhaodd i fod yn fygythiad clir.",1
96,30,https://www.bbc.com/cymrufyw/erthyglau/czj27yx84y2o,"Gwrthododd ddangos ei ddwylo, roedd yn dreisgar a pharhaodd i fod yn fygythiad clir.",ddwylo,dwylo,SM,L,ei,4.0,ei,dwylo,"Gwrthododd ddangos ei dwylo, roedd yn dreisgar a pharhaodd i fod yn fygythiad clir.",1
97,30,https://www.bbc.com/cymrufyw/erthyglau/czj27yx84y2o,"Gwrthododd ddangos ei ddwylo, roedd yn dreisgar a pharhaodd i fod yn fygythiad clir.",dreisgar,treisgar,SM,MS,yn_complement_adj_noun,7.0,yn,treisgar,"Gwrthododd ddangos ei ddwylo, roedd yn treisgar a pharhaodd i fod yn fygythiad clir.",1
98,30,https://www.bbc.com/cymrufyw/erthyglau/czj27yx84y2o,"Gwrthododd ddangos ei ddwylo, roedd yn dreisgar a pharhaodd i fod yn fygythiad clir.",pharhaodd,parhaodd,AM,L,a,9.0,a,parhaodd,"Gwrthododd ddangos ei ddwylo, roedd yn dreisgar a parhaodd i fod yn fygythiad clir.",1
99,30,https://www.bbc.com/cymrufyw/erthyglau/czj27yx84y2o,"Gwrthododd ddangos ei ddwylo, roedd yn dreisgar a pharhaodd i fod yn fygythiad clir.",fod,bod,SM,L,i,11.0,i,bod,"Gwrthododd ddangos ei ddwylo, roedd yn dreisgar a pharhaodd i bod yn fygythiad clir.",1
100,30,https://www.bbc.com/cymrufyw/erthyglau/czj27yx84y2o,"Gwrthododd ddangos ei ddwylo, roedd yn dreisgar a pharhaodd i fod yn fygythiad clir.",clir,clir,no_AM,no_mutation,no_mutation,14.0,fygythiad,chlir,"Gwrthododd ddangos ei ddwylo, roedd yn dreisgar a pharhaodd i fod yn fygythiad chlir.",1
101,30,https://www.bbc.com/cymrufyw/erthyglau/czj27yx84y2o,"Gwrthododd ddangos ei ddwylo, roedd yn dreisgar a pharhaodd i fod yn fygythiad clir.",fygythiad,mygythiad,SM,MS,yn_complement_adj_noun,13.0,yn,mygythiad,"Gwrthododd ddangos ei ddwylo, roedd yn dreisgar a pharhaodd i fod yn mygythiad clir.",1
102,31,https://www.bbc.com/cymrufyw/erthyglau/czj27yx84y2o,Rwy'n gwybod bod David a'i gydweithwyr eraill yng Nghynulliad Llundain yn gweithio'n agos gyda Heddlu'r Met.,gydweithwyr,cydweithwr,SM,L,i,6.0,a'i,cydweithwyr,Rwy'n gwybod bod David a'i cydweithwyr eraill yng Nghynulliad Llundain yn gweithio'n agos gyda Heddlu'r Met.,1
103,31,https://www.bbc.com/cymrufyw/erthyglau/czj27yx84y2o,Rwy'n gwybod bod David a'i gydweithwyr eraill yng Nghynulliad Llundain yn gweithio'n agos gyda Heddlu'r Met.,Nghynulliad,Cynulliad,NM,L,yng,9.0,yng,Cynulliad,Rwy'n gwybod bod David a'i gydweithwyr eraill yng Cynulliad Llundain yn gweithio'n agos gyda Heddlu'r Met.,1
104,32,https://www.bbc.com/cymrufyw/erthyglau/c4g4587w9x2o,"Fis Ebrill bu farw Siôn, gofalwr Capel Newydd ger y Gaiman ym Mhatagonia yn 92 mlwydd oed.",Fis,mis,SM,MS,adverb_time_place_manner,1.0,,Mis,"Mis Ebrill bu farw Siôn, gofalwr Capel Newydd ger y Gaiman ym Mhatagonia yn 92 mlwydd oed.",1
105,32,https://www.bbc.com/cymrufyw/erthyglau/c4g4587w9x2o,"Fis Ebrill bu farw Siôn, gofalwr Capel Newydd ger y Gaiman ym Mhatagonia yn 92 mlwydd oed.",farw,marw,SM,MS,direct_object_mutation,4.0,bu,marw,"Fis Ebrill bu marw Siôn, gofalwr Capel Newydd ger y Gaiman ym Mhatagonia yn 92 mlwydd oed.",1
106,32,https://www.bbc.com/cymrufyw/erthyglau/c4g4587w9x2o,"Fis Ebrill bu farw Siôn, gofalwr Capel Newydd ger y Gaiman ym Mhatagonia yn 92 mlwydd oed.",Mhatagonia,Patagonia,NM,L,ym,13.0,ym,Patagonia,"Fis Ebrill bu farw Siôn, gofalwr Capel Newydd ger y Gaiman ym Patagonia yn 92 mlwydd oed.",1
107,32,https://www.bbc.com/cymrufyw/erthyglau/c4g4587w9x2o,"Fis Ebrill bu farw Siôn, gofalwr Capel Newydd ger y Gaiman ym Mhatagonia yn 92 mlwydd oed.",mlwydd,blwydd,NM,L,92,16.0,92,blwydd,"Fis Ebrill bu farw Siôn, gofalwr Capel Newydd ger y Gaiman ym Mhatagonia yn 92 blwydd oed.",1
108,33,https://www.bbc.com/cymrufyw/erthyglau/c4g4587w9x2o,"Ffermio oedd bywoliaeth Siôn hefyd, ac fe fu'n byw yn yr un ardal yn Nyffryn Coch ar hyd ei oes, a Chapel Newydd gerllaw.",fu,bu,SM,L,fe,,,bu,"Ffermio oedd bywoliaeth Siôn hefyd, ac fe bu'n byw yn yr un ardal yn Nyffryn Coch ar hyd ei oes, a Chapel Newydd gerllaw.",1
109,33,https://www.bbc.com/cymrufyw/erthyglau/c4g4587w9x2o,"Ffermio oedd bywoliaeth Siôn hefyd, ac fe fu'n byw yn yr un ardal yn Nyffryn Coch ar hyd ei oes, a Chapel Newydd gerllaw.",Nyffryn,dyffryn,NM,L,yn,15.0,yn,Dyffryn,"Ffermio oedd bywoliaeth Siôn hefyd, ac fe fu'n byw yn yr un ardal yn Dyffryn Coch ar hyd ei oes, a Chapel Newydd gerllaw.",1
110,33,https://www.bbc.com/cymrufyw/erthyglau/c4g4587w9x2o,"Ffermio oedd bywoliaeth Siôn hefyd, ac fe fu'n byw yn yr un ardal yn Nyffryn Coch ar hyd ei oes, a Chapel Newydd gerllaw.",Chapel,capel,AM,L,a,22.0,a,Capel,"Ffermio oedd bywoliaeth Siôn hefyd, ac fe fu'n byw yn yr un ardal yn Nyffryn Coch ar hyd ei oes, a Capel Newydd gerllaw.",1
111,34,https://www.bbc.com/cymrufyw/erthyglau/cgrp0077w4wo,Dyma olwg ar yr hyn sy'n wynebu Wrecsam a Chasnewydd.,olwg,golwg,SM,L,dyma,2.0,Dyma,golwg,Dyma golwg ar yr hyn sy'n wynebu Wrecsam a Chasnewydd.,1
112,34,https://www.bbc.com/cymrufyw/erthyglau/cgrp0077w4wo,Dyma olwg ar yr hyn sy'n wynebu Wrecsam a Chasnewydd.,Chasnewydd,Casnewydd,AM,L,a,10.0,a,Casnewydd,Dyma olwg ar yr hyn sy'n wynebu Wrecsam a Casnewydd.,1
113,35,https://www.bbc.com/cymrufyw/erthyglau/cgrp0077w4wo,Mae'r frwydr i aros ym mhyramid y gynghrair i lawr i'r diwrnod olaf.,frwydr,brwydr,SM,MS,def_art_fem_sing_noun,2.0,Mae'r,brwydr,Mae'r brwydr i aros ym mhyramid y gynghrair i lawr i'r diwrnod olaf.,1
114,35,https://www.bbc.com/cymrufyw/erthyglau/cgrp0077w4wo,Mae'r frwydr i aros ym mhyramid y gynghrair i lawr i'r diwrnod olaf.,mhyramid,pyramid,NM,L,ym,6.0,ym,pyramid,Mae'r frwydr i aros ym pyramid y gynghrair i lawr i'r diwrnod olaf.,1
115,35,https://www.bbc.com/cymrufyw/erthyglau/cgrp0077w4wo,Mae'r frwydr i aros ym mhyramid y gynghrair i lawr i'r diwrnod olaf.,gynghrair,cynghrair,SM,MS,def_art_fem_sing_noun,8.0,y,cynghrair,Mae'r frwydr i aros ym mhyramid y cynghrair i lawr i'r diwrnod olaf.,1
116,35,https://www.bbc.com/cymrufyw/erthyglau/cgrp0077w4wo,Mae'r frwydr i aros ym mhyramid y gynghrair i lawr i'r diwrnod olaf.,lawr,llawr,SM,L,i,10.0,i,llawr,Mae'r frwydr i aros ym mhyramid y gynghrair i llawr i'r diwrnod olaf.,1
117,36,https://www.bbc.com/cymrufyw/erthyglau/cj0p4d21j73o,"Ymhlith 16 o etholaethau newydd, Gwynedd Maldwyn yw'r fwyaf yn nhermau ei hardal ddaearyddol.",fwyaf,mwyaf,SM,MS,def_art_fem_sing_noun,9.0,yw'r,mwyaf,"Ymhlith 16 o etholaethau newydd, Gwynedd Maldwyn yw'r mwyaf yn nhermau ei hardal ddaearyddol.",1
118,36,https://www.bbc.com/cymrufyw/erthyglau/cj0p4d21j73o,"Ymhlith 16 o etholaethau newydd, Gwynedd Maldwyn yw'r fwyaf yn nhermau ei hardal ddaearyddol.",nhermau,termau,NM,L,yn,11.0,yn,termau,"Ymhlith 16 o etholaethau newydd, Gwynedd Maldwyn yw'r fwyaf yn termau ei hardal ddaearyddol.",1
119,36,https://www.bbc.com/cymrufyw/erthyglau/cj0p4d21j73o,"Ymhlith 16 o etholaethau newydd, Gwynedd Maldwyn yw'r fwyaf yn nhermau ei hardal ddaearyddol.",ddaearyddol,daearyddol,SM,MS,fem_sing_noun_modifier,14.0,hardal,daearyddol,"Ymhlith 16 o etholaethau newydd, Gwynedd Maldwyn yw'r fwyaf yn nhermau ei hardal daearyddol.",1
120,37,https://www.bbc.com/cymrufyw/erthyglau/cj0p4d21j73o,Mae cymunedau yng nghadarnleoedd yr iaith Gymraeg a rhai lle mae'r bobl yn mynd i Loegr i siopa a chael mynediad at wasanaethau.,nghadarnleoedd,cadarnleoedd,NM,L,yng,4.0,yng,cadarnleoedd,Mae cymunedau yng cadarnleoedd yr iaith Gymraeg a rhai lle mae'r bobl yn mynd i Loegr i siopa a chael mynediad at wasanaethau.,1
121,37,https://www.bbc.com/cymrufyw/erthyglau/cj0p4d21j73o,Mae cymunedau yng nghadarnleoedd yr iaith Gymraeg a rhai lle mae'r bobl yn mynd i Loegr i siopa a chael mynediad at wasanaethau.,Gymraeg,Cymraeg,SM,MS,fem_sing_noun_modifier,7.0,iaith,Cymraeg,Mae cymunedau yng nghadarnleoedd yr iaith Cymraeg a rhai lle mae'r bobl yn mynd i Loegr i siopa a chael mynediad at wasanaethau.,1
122,37,https://www.bbc.com/cymrufyw/erthyglau/cj0p4d21j73o,Mae cymunedau yng nghadarnleoedd yr iaith Gymraeg a rhai lle mae'r bobl yn mynd i Loegr i siopa a chael mynediad at wasanaethau.,bobl,pobl,SM,MS,def_art_fem_sing_noun,12.0,mae'r,pobl,Mae cymunedau yng nghadarnleoedd yr iaith Gymraeg a rhai lle mae'r pobl yn mynd i Loegr i siopa a chael mynediad at wasanaethau.,1
123,37,https://www.bbc.com/cymrufyw/erthyglau/cj0p4d21j73o,Mae cymunedau yng nghadarnleoedd yr iaith Gymraeg a rhai lle mae'r bobl yn mynd i Loegr i siopa a chael mynediad at wasanaethau.,Loegr,Lloegr,SM,L,i,16.0,i,Lloegr,Mae cymunedau yng nghadarnleoedd yr iaith Gymraeg a rhai lle mae'r bobl yn mynd i Lloegr i siopa a chael mynediad at wasanaethau.,1
124,37,https://www.bbc.com/cymrufyw/erthyglau/cj0p4d21j73o,Mae cymunedau yng nghadarnleoedd yr iaith Gymraeg a rhai lle mae'r bobl yn mynd i Loegr i siopa a chael mynediad at wasanaethau.,chael,cael,AM,L,a,20.0,a,cael,Mae cymunedau yng nghadarnleoedd yr iaith Gymraeg a rhai lle mae'r bobl yn mynd i Loegr i siopa a cael mynediad at wasanaethau.,1
125,37,https://www.bbc.com/cymrufyw/erthyglau/cj0p4d21j73o,Mae cymunedau yng nghadarnleoedd yr iaith Gymraeg a rhai lle mae'r bobl yn mynd i Loegr i siopa a chael mynediad at wasanaethau.,wasanaethau,gwasanaeth,SM,L,at,23.0,at,gwasanaethau,Mae cymunedau yng nghadarnleoedd yr iaith Gymraeg a rhai lle mae'r bobl yn mynd i Loegr i siopa a chael mynediad at gwasanaethau.,1
126,38,https://www.bbc.com/cymrufyw/erthyglau/c36r9xx2w80o,"Â thîm rygbi merched Cymru'n cystadlu ym Mhencampwriaeth y Chwe Gwlad ar hyn o bryd, mae'r gyfres gyntaf ar gael i'w gwylio.",thîm,tìm,AM,L,â,2.0,Â,tîm,"Â tîm rygbi merched Cymru'n cystadlu ym Mhencampwriaeth y Chwe Gwlad ar hyn o bryd, mae'r gyfres gyntaf ar gael i'w gwylio.",1
127,38,https://www.bbc.com/cymrufyw/erthyglau/c36r9xx2w80o,"Â thîm rygbi merched Cymru'n cystadlu ym Mhencampwriaeth y Chwe Gwlad ar hyn o bryd, mae'r gyfres gyntaf ar gael i'w gwylio.",Mhencampwriaeth,pencampwriaeth,NM,L,ym,8.0,ym,Pencampwriaeth,"Â thîm rygbi merched Cymru'n cystadlu ym Pencampwriaeth y Chwe Gwlad ar hyn o bryd, mae'r gyfres gyntaf ar gael i'w gwylio.",1
128,38,https://www.bbc.com/cymrufyw/erthyglau/c36r9xx2w80o,"Â thîm rygbi merched Cymru'n cystadlu ym Mhencampwriaeth y Chwe Gwlad ar hyn o bryd, mae'r gyfres gyntaf ar gael i'w gwylio.",gwylio,gwylio,no_NM,no_mutation,no_mutation,22.0,i'w,ngwylio,"Â thîm rygbi merched Cymru'n cystadlu ym Mhencampwriaeth y Chwe Gwlad ar hyn o bryd, mae'r gyfres gyntaf ar gael i'w ngwylio.",1
129,38,https://www.bbc.com/cymrufyw/erthyglau/c36r9xx2w80o,"Â thîm rygbi merched Cymru'n cystadlu ym Mhencampwriaeth y Chwe Gwlad ar hyn o bryd, mae'r gyfres gyntaf ar gael i'w gwylio.",gyfres,cyfres,SM,MS,def_art_fem_sing_noun,17.0,mae'r,cyfres,"Â thîm rygbi merched Cymru'n cystadlu ym Mhencampwriaeth y Chwe Gwlad ar hyn o bryd, mae'r cyfres gyntaf ar gael i'w gwylio.",1
130,38,https://www.bbc.com/cymrufyw/erthyglau/c36r9xx2w80o,"Â thîm rygbi merched Cymru'n cystadlu ym Mhencampwriaeth y Chwe Gwlad ar hyn o bryd, mae'r gyfres gyntaf ar gael i'w gwylio.",gyntaf,cyntaf,SM,MS,fem_sing_noun_modifier,18.0,gyfres,cyntaf,"Â thîm rygbi merched Cymru'n cystadlu ym Mhencampwriaeth y Chwe Gwlad ar hyn o bryd, mae'r gyfres cyntaf ar gael i'w gwylio.",1
131,39,https://www.bbc.com/cymrufyw/erthyglau/c36r9xx2w80o,"Ond Amdani, nofel i oedolion, oedd y gyfrol gyntaf iddi gyhoeddi yn 1997 pan oedd hi'n 34 mlwydd oed.",gyfrol,cyfrol,SM,MS,def_art_fem_sing_noun,8.0,y,cyfrol,"Ond Amdani, nofel i oedolion, oedd y cyfrol gyntaf iddi gyhoeddi yn 1997 pan oedd hi'n 34 mlwydd oed.",1
132,39,https://www.bbc.com/cymrufyw/erthyglau/c36r9xx2w80o,"Ond Amdani, nofel i oedolion, oedd y gyfrol gyntaf iddi gyhoeddi yn 1997 pan oedd hi'n 34 mlwydd oed.",gyntaf,cyntaf,SM,MS,fem_sing_noun_modifier,9.0,gyfrol,cyntaf,"Ond Amdani, nofel i oedolion, oedd y gyfrol cyntaf iddi gyhoeddi yn 1997 pan oedd hi'n 34 mlwydd oed.",1
133,39,https://www.bbc.com/cymrufyw/erthyglau/c36r9xx2w80o,"Ond Amdani, nofel i oedolion, oedd y gyfrol gyntaf iddi gyhoeddi yn 1997 pan oedd hi'n 34 mlwydd oed.",gyhoeddi,cyhoeddi,SM,MS,i_plus_NP,11.0,iddi,cyhoeddi,"Ond Amdani, nofel i oedolion, oedd y gyfrol gyntaf iddi cyhoeddi yn 1997 pan oedd hi'n 34 mlwydd oed.",1
134,39,https://www.bbc.com/cymrufyw/erthyglau/c36r9xx2w80o,"Ond Amdani, nofel i oedolion, oedd y gyfrol gyntaf iddi gyhoeddi yn 1997 pan oedd hi'n 34 mlwydd oed.",mlwydd,blwydd,NM,L,34,18.0,34,blwydd,"Ond Amdani, nofel i oedolion, oedd y gyfrol gyntaf iddi gyhoeddi yn 1997 pan oedd hi'n 34 blwydd oed.",1
135,40,https://www.bbc.com/cymrufyw/erthyglau/cvgzd5839gpo,Byddwn yn eu hatgoffa o'u cyfrifoldebau fel aelodau etholedig yng nghyd-destun yr iaith Gymraeg.,cyfrifoldebau,cyfrifoldeb,no_SM,no_mutation,no_mutation,6.0,o'u,gyfrifoldebau,Byddwn yn eu hatgoffa o'u gyfrifoldebau fel aelodau etholedig yng nghyd-destun yr iaith Gymraeg.,1
136,40,https://www.bbc.com/cymrufyw/erthyglau/cvgzd5839gpo,Byddwn yn eu hatgoffa o'u cyfrifoldebau fel aelodau etholedig yng nghyd-destun yr iaith Gymraeg.,nghyd-destun,cyd-destun,NM,L,yng,11.0,yng,cyd-destun,Byddwn yn eu hatgoffa o'u cyfrifoldebau fel aelodau etholedig yng cyd-destun yr iaith Gymraeg.,1
137,40,https://www.bbc.com/cymrufyw/erthyglau/cvgzd5839gpo,Byddwn yn eu hatgoffa o'u cyfrifoldebau fel aelodau etholedig yng nghyd-destun yr iaith Gymraeg.,Gymraeg,Cymraeg,SM,MS,fem_sing_noun_modifier,14.0,iaith,Cymraeg,Byddwn yn eu hatgoffa o'u cyfrifoldebau fel aelodau etholedig yng nghyd-destun yr iaith Cymraeg.,1
138,41,https://www.bbc.com/cymrufyw/erthyglau/cvgzd5839gpo,Rydym mynd i gyrraedd ein targed o filiwn o siaradwyr Cymraeg a dyblu'r defnydd o'r Gymraeg ym mywyd beunyddiol erbyn 2050.,gyrraedd,cyrraedd,SM,L,i,4.0,i,cyrraedd,Rydym mynd i cyrraedd ein targed o filiwn o siaradwyr Cymraeg a dyblu'r defnydd o'r Gymraeg ym mywyd beunyddiol erbyn 2050.,1
139,41,https://www.bbc.com/cymrufyw/erthyglau/cvgzd5839gpo,Rydym mynd i gyrraedd ein targed o filiwn o siaradwyr Cymraeg a dyblu'r defnydd o'r Gymraeg ym mywyd beunyddiol erbyn 2050.,filiwn,miliwn,SM,L,o,8.0,o,miliwn,Rydym mynd i gyrraedd ein targed o miliwn o siaradwyr Cymraeg a dyblu'r defnydd o'r Gymraeg ym mywyd beunyddiol erbyn 2050.,1
140,41,https://www.bbc.com/cymrufyw/erthyglau/cvgzd5839gpo,Rydym mynd i gyrraedd ein targed o filiwn o siaradwyr Cymraeg a dyblu'r defnydd o'r Gymraeg ym mywyd beunyddiol erbyn 2050.,Gymraeg,Cymraeg,SM,MS,def_art_fem_sing_noun,16.0,o'r,Cymraeg,Rydym mynd i gyrraedd ein targed o filiwn o siaradwyr Cymraeg a dyblu'r defnydd o'r Cymraeg ym mywyd beunyddiol erbyn 2050.,1
141,41,https://www.bbc.com/cymrufyw/erthyglau/cvgzd5839gpo,Rydym mynd i gyrraedd ein targed o filiwn o siaradwyr Cymraeg a dyblu'r defnydd o'r Gymraeg ym mywyd beunyddiol erbyn 2050.,mywyd,bywyd,NM,L,ym,18.0,ym,bywyd,Rydym mynd i gyrraedd ein targed o filiwn o siaradwyr Cymraeg a dyblu'r defnydd o'r Gymraeg ym bywyd beunyddiol erbyn 2050.,1
142,42,https://www.bbc.com/cymrufyw/erthyglau/ckgpwdjvy00o,Mae masnachwyr mewn marchnad yng Nghaerdydd wedi dweud eu bod yn teimlo'n dorcalonnus.,Nghaerdydd,Caerdydd,NM,L,yng,6.0,yng,Caerdydd,Mae masnachwyr mewn marchnad yng Caerdydd wedi dweud eu bod yn teimlo'n dorcalonnus.,1
143,42,https://www.bbc.com/cymrufyw/erthyglau/ckgpwdjvy00o,Mae masnachwyr mewn marchnad yng Nghaerdydd wedi dweud eu bod yn teimlo'n dorcalonnus.,dorcalonnus,torcalonnus,SM,MS,yn_complement_adj_noun,13.0,teimlo'n,torcalonnus,Mae masnachwyr mewn marchnad yng Nghaerdydd wedi dweud eu bod yn teimlo'n torcalonnus.,1
144,43,https://www.bbc.com/cymrufyw/erthyglau/ckgpwdjvy00o,"Mae'r farchnad, sy'n boblogaidd ymhlith prynwyr propiau teledu a chasglwyr, wedi bod ar agor ers 12 mlynedd.",farchnad,marchnad,SM,MS,def_art_fem_sing_noun,2.0,Mae'r,marchnad,"Mae'r marchnad, sy'n boblogaidd ymhlith prynwyr propiau teledu a chasglwyr, wedi bod ar agor ers 12 mlynedd.",1
145,43,https://www.bbc.com/cymrufyw/erthyglau/ckgpwdjvy00o,"Mae'r farchnad, sy'n boblogaidd ymhlith prynwyr propiau teledu a chasglwyr, wedi bod ar agor ers 12 mlynedd.",boblogaidd,poblogaidd,SM,MS,yn_complement_adj_noun,4.0,sy'n,poblogaidd,"Mae'r farchnad, sy'n poblogaidd ymhlith prynwyr propiau teledu a chasglwyr, wedi bod ar agor ers 12 mlynedd.",1
146,43,https://www.bbc.com/cymrufyw/erthyglau/ckgpwdjvy00o,"Mae'r farchnad, sy'n boblogaidd ymhlith prynwyr propiau teledu a chasglwyr, wedi bod ar agor ers 12 mlynedd.",chasglwyr,casglwr,AM,L,a,10.0,a,casglwyr,"Mae'r farchnad, sy'n boblogaidd ymhlith prynwyr propiau teledu a casglwyr, wedi bod ar agor ers 12 mlynedd.",1
147,43,https://www.bbc.com/cymrufyw/erthyglau/ckgpwdjvy00o,"Mae'r farchnad, sy'n boblogaidd ymhlith prynwyr propiau teledu a chasglwyr, wedi bod ar agor ers 12 mlynedd.",mlynedd,blwyddyn,NM,L,12,17.0,12,blynedd,"Mae'r farchnad, sy'n boblogaidd ymhlith prynwyr propiau teledu a chasglwyr, wedi bod ar agor ers 12 blynedd.",1
148,44,https://www.bbc.com/cymrufyw/erthyglau/cp8d3161xlzo,Mae'n anodd gweld amser i fod yn chi ac ymlacio a chael amser hamddenol gyda'ch teulu chi.,fod,bod,SM,L,i,6.0,i,bod,Mae'n anodd gweld amser i bod yn chi ac ymlacio a chael amser hamddenol gyda'ch teulu chi.,1
149,44,https://www.bbc.com/cymrufyw/erthyglau/cp8d3161xlzo,Mae'n anodd gweld amser i fod yn chi ac ymlacio a chael amser hamddenol gyda'ch teulu chi.,chael,cael,AM,L,a,12.0,a,cael,Mae'n anodd gweld amser i fod yn chi ac ymlacio a cael amser hamddenol gyda'ch teulu chi.,1
150,45,https://www.bbc.com/cymrufyw/erthyglau/cp8d3161xlzo,"Mae Dewi, 15, yn falch bod y gwaith yn cael ei wasgaru dros ddwy flynedd.",falch,balch,SM,MS,yn_complement_adj_noun,5.0,yn,balch,"Mae Dewi, 15, yn balch bod y gwaith yn cael ei wasgaru dros ddwy flynedd.",1
151,45,https://www.bbc.com/cymrufyw/erthyglau/cp8d3161xlzo,"Mae Dewi, 15, yn falch bod y gwaith yn cael ei wasgaru dros ddwy flynedd.",wasgaru,gwasgaru,SM,L,ei,12.0,ei,gwasgaru,"Mae Dewi, 15, yn falch bod y gwaith yn cael ei gwasgaru dros ddwy flynedd.",1
152,45,https://www.bbc.com/cymrufyw/erthyglau/cp8d3161xlzo,"Mae Dewi, 15, yn falch bod y gwaith yn cael ei wasgaru dros ddwy flynedd.",ddwy,dau,SM,L,dros,14.0,dros,dwy,"Mae Dewi, 15, yn falch bod y gwaith yn cael ei wasgaru dros dwy flynedd.",1
153,45,https://www.bbc.com/cymrufyw/erthyglau/cp8d3161xlzo,"Mae Dewi, 15, yn falch bod y gwaith yn cael ei wasgaru dros ddwy flynedd.",flynedd,blwyddyn,SM,L,ddwy,15.0,ddwy,blynedd,"Mae Dewi, 15, yn falch bod y gwaith yn cael ei wasgaru dros ddwy blynedd.",1
154,46,https://www.bbc.com/cymrufyw/erthyglau/cn7pyjzllnro,"Mae Siôn, sy'n derbyn gofal yng ngofal Bryn Mawr yng Nghaernarfon, yn falch iawn o'u cael yno",ngofal,cofal,NM,L,yng,7.0,yng,gofal,"Mae Siôn, sy'n derbyn gofal yng gofal Bryn Mawr yng Nghaernarfon, yn falch iawn o'u cael yno",1
155,46,https://www.bbc.com/cymrufyw/erthyglau/cn7pyjzllnro,"Mae Siôn, sy'n derbyn gofal yng ngofal Bryn Mawr yng Nghaernarfon, yn falch iawn o'u cael yno",Nghaernarfon,Caernarfon,NM,L,yng,11.0,yng,Caernarfon,"Mae Siôn, sy'n derbyn gofal yng ngofal Bryn Mawr yng Caernarfon, yn falch iawn o'u cael yno",1
156,46,https://www.bbc.com/cymrufyw/erthyglau/cn7pyjzllnro,"Mae Siôn, sy'n derbyn gofal yng ngofal Bryn Mawr yng Nghaernarfon, yn falch iawn o'u cael yno",falch,balch,SM,MS,yn_complement_adj_noun,13.0,yn,balch,"Mae Siôn, sy'n derbyn gofal yng ngofal Bryn Mawr yng Nghaernarfon, yn balch iawn o'u cael yno",1
157,47,https://www.bbc.com/cymrufyw/erthyglau/cn7pyjzllnro,Mae'n gallu bod yn anodd ofnadwy i recriwtio pobl leol yma ym Mryn Mawr.,leol,lleol,SM,MS,fem_sing_noun_modifier,10.0,pobl,lleol,Mae'n gallu bod yn anodd ofnadwy i recriwtio pobl lleol yma ym Mryn Mawr.,1
158,47,https://www.bbc.com/cymrufyw/erthyglau/cn7pyjzllnro,Mae'n gallu bod yn anodd ofnadwy i recriwtio pobl leol yma ym Mryn Mawr.,gallu,gallu,no_SM,no_mutation,no_mutation,2.0,Mae'n,allu,Mae'n allu bod yn anodd ofnadwy i recriwtio pobl leol yma ym Mryn Mawr.,1
159,47,https://www.bbc.com/cymrufyw/erthyglau/cn7pyjzllnro,Mae'n gallu bod yn anodd ofnadwy i recriwtio pobl leol yma ym Mryn Mawr.,Mryn,Bryn,NM,L,ym,13.0,ym,Bryn,Mae'n gallu bod yn anodd ofnadwy i recriwtio pobl leol yma ym Bryn Mawr.,1
160,48,https://www.bbc.com/cymrufyw/erthyglau/c93x53lgxq7o,Mae ei geiriau Wele'n Sefyll Rhwng y Myrtwydd yn cael ei chanu fwy nag unrhyw emyn arall.,chanu,canu,AM,L,ei,12.0,ei,canu,Mae ei geiriau Wele'n Sefyll Rhwng y Myrtwydd yn cael ei canu fwy nag unrhyw emyn arall.,1
161,48,https://www.bbc.com/cymrufyw/erthyglau/c93x53lgxq7o,Mae ei geiriau Wele'n Sefyll Rhwng y Myrtwydd yn cael ei chanu fwy nag unrhyw emyn arall.,fwy,mwy,SM,MS,adverb_time_place_manner,13.0,chanu,mwy,Mae ei geiriau Wele'n Sefyll Rhwng y Myrtwydd yn cael ei chanu mwy nag unrhyw emyn arall.,1
162,49,https://www.bbc.com/cymrufyw/erthyglau/c93x53lgxq7o,"Fe ges wefr a fy ngwefru'r noson honno, a byth ers hynny rydw i wedi bod ar daith o ddod i adnabod Ann.",ges,cael,SM,L,fe,2.0,Fe,ces,"Fe ces wefr a fy ngwefru'r noson honno, a byth ers hynny rydw i wedi bod ar daith o ddod i adnabod Ann.",1
163,49,https://www.bbc.com/cymrufyw/erthyglau/c93x53lgxq7o,"Fe ges wefr a fy ngwefru'r noson honno, a byth ers hynny rydw i wedi bod ar daith o ddod i adnabod Ann.",wefr,gwefr,SM,MS,direct_object_mutation,3.0,ges,gwefr,"Fe ges gwefr a fy ngwefru'r noson honno, a byth ers hynny rydw i wedi bod ar daith o ddod i adnabod Ann.",1
164,49,https://www.bbc.com/cymrufyw/erthyglau/c93x53lgxq7o,"Fe ges wefr a fy ngwefru'r noson honno, a byth ers hynny rydw i wedi bod ar daith o ddod i adnabod Ann.",ngwefru,gwefru,NM,L,fy,,,gwefru,"Fe ges wefr a fy gwefru'r noson honno, a byth ers hynny rydw i wedi bod ar daith o ddod i adnabod Ann.",1
165,49,https://www.bbc.com/cymrufyw/erthyglau/c93x53lgxq7o,"Fe ges wefr a fy ngwefru'r noson honno, a byth ers hynny rydw i wedi bod ar daith o ddod i adnabod Ann.",daith,taith,SM,L,ar,18.0,ar,taith,"Fe ges wefr a fy ngwefru'r noson honno, a byth ers hynny rydw i wedi bod ar taith o ddod i adnabod Ann.",1
166,49,https://www.bbc.com/cymrufyw/erthyglau/c93x53lgxq7o,"Fe ges wefr a fy ngwefru'r noson honno, a byth ers hynny rydw i wedi bod ar daith o ddod i adnabod Ann.",ddod,dod,SM,L,o,20.0,o,dod,"Fe ges wefr a fy ngwefru'r noson honno, a byth ers hynny rydw i wedi bod ar daith o dod i adnabod Ann.",1
167,50,https://www.bbc.com/cymrufyw/erthyglau/c5ye08l4pneo,Mae diffoddwyr tân yn delio ag achosion o danau gwyllt ym Mhowys.,danau,tanau,SM,L,o,9.0,o,tanau,Mae diffoddwyr tân yn delio ag achosion o tanau gwyllt ym Mhowys.,1
168,50,https://www.bbc.com/cymrufyw/erthyglau/c5ye08l4pneo,Mae diffoddwyr tân yn delio ag achosion o danau gwyllt ym Mhowys.,Mhowys,Powys,NM,L,ym,12.0,ym,Powys,Mae diffoddwyr tân yn delio ag achosion o danau gwyllt ym Powys.,1
169,51,https://www.bbc.com/cymrufyw/erthyglau/c5ye08l4pneo,"Mae'r Ymddiriedolaeth Genedlaethol wedi cau Ystâd Hafod ym Mhont-rhyd-y-groes i ymwelwyr ""fel mesur rhagofal"" oherwydd y tân yng Nghwm Elan.",tân,tân,no_NM,no_mutation,no_mutation,17.0,y,nhân,"Mae'r Ymddiriedolaeth Genedlaethol wedi cau Ystâd Hafod ym Mhont-rhyd-y-groes i ymwelwyr ""fel mesur rhagofal"" oherwydd y nhân yng Nghwm Elan.",1
170,51,https://www.bbc.com/cymrufyw/erthyglau/c5ye08l4pneo,"Mae'r Ymddiriedolaeth Genedlaethol wedi cau Ystâd Hafod ym Mhont-rhyd-y-groes i ymwelwyr ""fel mesur rhagofal"" oherwydd y tân yng Nghwm Elan.",Genedlaethol,Cenedlaethol,SM,MS,fem_sing_noun_modifier,3.0,Ymddiriedolaeth,Cenedlaethol,"Mae'r Ymddiriedolaeth Cenedlaethol wedi cau Ystâd Hafod ym Mhont-rhyd-y-groes i ymwelwyr ""fel mesur rhagofal"" oherwydd y tân yng Nghwm Elan.",1
171,51,https://www.bbc.com/cymrufyw/erthyglau/c5ye08l4pneo,"Mae'r Ymddiriedolaeth Genedlaethol wedi cau Ystâd Hafod ym Mhont-rhyd-y-groes i ymwelwyr ""fel mesur rhagofal"" oherwydd y tân yng Nghwm Elan.",Mhont-rhyd-y-groes,Pont-rhyd-y-groes,NM,L,ym,9.0,ym,Pont-rhyd-y-groes,"Mae'r Ymddiriedolaeth Genedlaethol wedi cau Ystâd Hafod ym Pont-rhyd-y-groes i ymwelwyr ""fel mesur rhagofal"" oherwydd y tân yng Nghwm Elan.",1
172,51,https://www.bbc.com/cymrufyw/erthyglau/c5ye08l4pneo,"Mae'r Ymddiriedolaeth Genedlaethol wedi cau Ystâd Hafod ym Mhont-rhyd-y-groes i ymwelwyr ""fel mesur rhagofal"" oherwydd y tân yng Nghwm Elan.",Nghwm,cwm,NM,L,yng,19.0,yng,Cwm,"Mae'r Ymddiriedolaeth Genedlaethol wedi cau Ystâd Hafod ym Mhont-rhyd-y-groes i ymwelwyr ""fel mesur rhagofal"" oherwydd y tân yng Cwm Elan.",1
173,52,https://www.bbc.com/cymrufyw/erthyglau/cd6py6pnpd3o,"Fe wnaeth y cwpl brynu eu cartref cyntaf gyda'i gilydd bum mlynedd yn ôl, gyda golygfa o draeth Ynys y Barri.",wnaeth,gwneud,SM,L,fe,2.0,Fe,gwnaeth,"Fe gwnaeth y cwpl brynu eu cartref cyntaf gyda'i gilydd bum mlynedd yn ôl, gyda golygfa o draeth Ynys y Barri.",1
174,52,https://www.bbc.com/cymrufyw/erthyglau/cd6py6pnpd3o,"Fe wnaeth y cwpl brynu eu cartref cyntaf gyda'i gilydd bum mlynedd yn ôl, gyda golygfa o draeth Ynys y Barri.",brynu,prynu,SM,MS,direct_object_mutation,5.0,cwpl,prynu,"Fe wnaeth y cwpl prynu eu cartref cyntaf gyda'i gilydd bum mlynedd yn ôl, gyda golygfa o draeth Ynys y Barri.",1
175,52,https://www.bbc.com/cymrufyw/erthyglau/cd6py6pnpd3o,"Fe wnaeth y cwpl brynu eu cartref cyntaf gyda'i gilydd bum mlynedd yn ôl, gyda golygfa o draeth Ynys y Barri.",bum,pump,SM,MS,adverb_time_place_manner,11.0,gilydd,pum,"Fe wnaeth y cwpl brynu eu cartref cyntaf gyda'i gilydd pum mlynedd yn ôl, gyda golygfa o draeth Ynys y Barri.",1
176,52,https://www.bbc.com/cymrufyw/erthyglau/cd6py6pnpd3o,"Fe wnaeth y cwpl brynu eu cartref cyntaf gyda'i gilydd bum mlynedd yn ôl, gyda golygfa o draeth Ynys y Barri.",cartref,cartref,no_AM,no_mutation,no_mutation,7.0,eu,chartref,"Fe wnaeth y cwpl brynu eu chartref cyntaf gyda'i gilydd bum mlynedd yn ôl, gyda golygfa o draeth Ynys y Barri.",1
177,52,https://www.bbc.com/cymrufyw/erthyglau/cd6py6pnpd3o,"Fe wnaeth y cwpl brynu eu cartref cyntaf gyda'i gilydd bum mlynedd yn ôl, gyda golygfa o draeth Ynys y Barri.",mlynedd,blwyddyn,NM,L,bum,12.0,bum,blynedd,"Fe wnaeth y cwpl brynu eu cartref cyntaf gyda'i gilydd bum blynedd yn ôl, gyda golygfa o draeth Ynys y Barri.",1
178,52,https://www.bbc.com/cymrufyw/erthyglau/cd6py6pnpd3o,"Fe wnaeth y cwpl brynu eu cartref cyntaf gyda'i gilydd bum mlynedd yn ôl, gyda golygfa o draeth Ynys y Barri.",Barri,Barri,no_NM,no_mutation,no_mutation,21.0,y,Marri,"Fe wnaeth y cwpl brynu eu cartref cyntaf gyda'i gilydd bum mlynedd yn ôl, gyda golygfa o draeth Ynys y Marri.",1
179,52,https://www.bbc.com/cymrufyw/erthyglau/cd6py6pnpd3o,"Fe wnaeth y cwpl brynu eu cartref cyntaf gyda'i gilydd bum mlynedd yn ôl, gyda golygfa o draeth Ynys y Barri.",draeth,traeth,SM,L,o,18.0,o,traeth,"Fe wnaeth y cwpl brynu eu cartref cyntaf gyda'i gilydd bum mlynedd yn ôl, gyda golygfa o traeth Ynys y Barri.",1
180,53,https://www.bbc.com/cymrufyw/erthyglau/cd6py6pnpd3o,Dach chi'n ymddiried mewn cyfreithwyr i ddelio gyda phethau fel hyn.,cyfreithwyr,cyfreithwyr,no_NM,no_mutation,no_mutation,5.0,mewn,nghyfreithwyr,Dach chi'n ymddiried mewn nghyfreithwyr i ddelio gyda phethau fel hyn.,1
181,53,https://www.bbc.com/cymrufyw/erthyglau/cd6py6pnpd3o,Dach chi'n ymddiried mewn cyfreithwyr i ddelio gyda phethau fel hyn.,phethau,pethau,AM,L,gyda,9.0,gyda,pethau,Dach chi'n ymddiried mewn cyfreithwyr i ddelio gyda pethau fel hyn.,1
182,54,https://www.bbc.com/cymrufyw/erthyglau/cx21gz305l2o,North hefyd ydy'r unig Gymro i chwarae yn rownd yr wyth olaf yng Nghwpan y Byd ar bedair achlysur.,Byd,byd,no_SM,no_mutation,no_mutation,16.0,y,Fyd,North hefyd ydy'r unig Gymro i chwarae yn rownd yr wyth olaf yng Nghwpan y Fyd ar bedair achlysur.,1
183,54,https://www.bbc.com/cymrufyw/erthyglau/cx21gz305l2o,North hefyd ydy'r unig Gymro i chwarae yn rownd yr wyth olaf yng Nghwpan y Byd ar bedair achlysur.,Nghwpan,cwpan,NM,L,yng,14.0,yng,Cwpan,North hefyd ydy'r unig Gymro i chwarae yn rownd yr wyth olaf yng Cwpan y Byd ar bedair achlysur.,1
184,55,https://www.bbc.com/cymrufyw/erthyglau/cx21gz305l2o,Ychwanegodd bod sawl moment sy'n golygu ei bod hi'n anodd crisialu a chrynhoi ei yrfa.,crisialu,crisialu,no_SM,no_mutation,no_mutation,11.0,anodd,grisialu,Ychwanegodd bod sawl moment sy'n golygu ei bod hi'n anodd grisialu a chrynhoi ei yrfa.,1
185,55,https://www.bbc.com/cymrufyw/erthyglau/cx21gz305l2o,Ychwanegodd bod sawl moment sy'n golygu ei bod hi'n anodd crisialu a chrynhoi ei yrfa.,chrynhoi,crynhoi,AM,L,a,13.0,a,crynhoi,Ychwanegodd bod sawl moment sy'n golygu ei bod hi'n anodd crisialu a crynhoi ei yrfa.,1
186,56,https://www.bbc.com/cymrufyw/erthyglau/clypljlel3xo,Mae 200 tunnell o wastraff masnachol wedi mynd ar dân ar safle ym Mhort Talbot.,tunnell,tunnell,no_NM,no_mutation,no_mutation,3.0,200,nhunnell,Mae 200 nhunnell o wastraff masnachol wedi mynd ar dân ar safle ym Mhort Talbot.,1
187,56,https://www.bbc.com/cymrufyw/erthyglau/clypljlel3xo,Mae 200 tunnell o wastraff masnachol wedi mynd ar dân ar safle ym Mhort Talbot.,mynd,mynd,no_SM,no_mutation,no_mutation,8.0,wedi,fynd,Mae 200 tunnell o wastraff masnachol wedi fynd ar dân ar safle ym Mhort Talbot.,1
188,56,https://www.bbc.com/cymrufyw/erthyglau/clypljlel3xo,Mae 200 tunnell o wastraff masnachol wedi mynd ar dân ar safle ym Mhort Talbot.,Mhort,Port,NM,L,ym,14.0,ym,Port,Mae 200 tunnell o wastraff masnachol wedi mynd ar dân ar safle ym Port Talbot.,1
189,57,https://www.bbc.com/cymrufyw/erthyglau/clyp8j0611po,Maen nhw'n annog pobl i ddilyn cynghorion diogelwch er mwyn arbed cefn gwlad a chymunedau rhag effeithiau tanau o'r fath.,gwlad,gwlad,no_NM,no_mutation,no_mutation,13.0,cefn,ngwlad,Maen nhw'n annog pobl i ddilyn cynghorion diogelwch er mwyn arbed cefn ngwlad a chymunedau rhag effeithiau tanau o'r fath.,1
190,57,https://www.bbc.com/cymrufyw/erthyglau/clyp8j0611po,Maen nhw'n annog pobl i ddilyn cynghorion diogelwch er mwyn arbed cefn gwlad a chymunedau rhag effeithiau tanau o'r fath.,pobl,pobl,no_SM,no_mutation,no_mutation,4.0,annog,bobl,Maen nhw'n annog bobl i ddilyn cynghorion diogelwch er mwyn arbed cefn gwlad a chymunedau rhag effeithiau tanau o'r fath.,1
191,57,https://www.bbc.com/cymrufyw/erthyglau/clyp8j0611po,Maen nhw'n annog pobl i ddilyn cynghorion diogelwch er mwyn arbed cefn gwlad a chymunedau rhag effeithiau tanau o'r fath.,chymunedau,cymuned,AM,L,a,15.0,a,cymunedau,Maen nhw'n annog pobl i ddilyn cynghorion diogelwch er mwyn arbed cefn gwlad a cymunedau rhag effeithiau tanau o'r fath.,1
192,58,https://www.bbc.com/cymrufyw/erthyglau/clyp8j0611po,Bydd yr hofrennydd yn gollwng dŵr ar ardaloedd lle mae adar yn nythu a lle mae mamaliaid bach a phlanhigion prin.,bach,bach,no_NM,no_mutation,no_mutation,18.0,mamaliaid,mach,Bydd yr hofrennydd yn gollwng dŵr ar ardaloedd lle mae adar yn nythu a lle mae mamaliaid mach a phlanhigion prin.,1
193,58,https://www.bbc.com/cymrufyw/erthyglau/clyp8j0611po,Bydd yr hofrennydd yn gollwng dŵr ar ardaloedd lle mae adar yn nythu a lle mae mamaliaid bach a phlanhigion prin.,dŵr,dŵr,no_SM,no_mutation,no_mutation,6.0,gollwng,ddŵr,Bydd yr hofrennydd yn gollwng ddŵr ar ardaloedd lle mae adar yn nythu a lle mae mamaliaid bach a phlanhigion prin.,1
194,58,https://www.bbc.com/cymrufyw/erthyglau/clyp8j0611po,Bydd yr hofrennydd yn gollwng dŵr ar ardaloedd lle mae adar yn nythu a lle mae mamaliaid bach a phlanhigion prin.,phlanhigion,planhigion,AM,L,a,20.0,a,planhigion,Bydd yr hofrennydd yn gollwng dŵr ar ardaloedd lle mae adar yn nythu a lle mae mamaliaid bach a planhigion prin.,1
195,59,https://www.bbc.com/cymrufyw/erthyglau/clyp8j0611po,Mae'r broblem wedi bod yn digwydd ers sawl blwyddyn a bod pobl leol yn flin gyda Chyngor Sir y Fflint am beidio â gweithredu.,digwydd,digwydd,no_NM,no_mutation,no_mutation,6.0,yn,nigwydd,Mae'r broblem wedi bod yn nigwydd ers sawl blwyddyn a bod pobl leol yn flin gyda Chyngor Sir y Fflint am beidio â gweithredu.,1
196,59,https://www.bbc.com/cymrufyw/erthyglau/clyp8j0611po,Mae'r broblem wedi bod yn digwydd ers sawl blwyddyn a bod pobl leol yn flin gyda Chyngor Sir y Fflint am beidio â gweithredu.,Chyngor,cyngor,AM,L,gyda,17.0,gyda,Cyngor,Mae'r broblem wedi bod yn digwydd ers sawl blwyddyn a bod pobl leol yn flin gyda Cyngor Sir y Fflint am beidio â gweithredu.,1
197,60,https://www.bbc.com/cymrufyw/erthyglau/cn0plr6zyr6o,"Mae cost diffyg gweithredu yn costio i bobl, gyda chyfuniad gwenwynig o gyflogau isel a biliau uchel.",costio,costio,no_NM,no_mutation,no_mutation,6.0,yn,nghostio,"Mae cost diffyg gweithredu yn nghostio i bobl, gyda chyfuniad gwenwynig o gyflogau isel a biliau uchel.",1
198,60,https://www.bbc.com/cymrufyw/erthyglau/cn0plr6zyr6o,"Mae cost diffyg gweithredu yn costio i bobl, gyda chyfuniad gwenwynig o gyflogau isel a biliau uchel.",gwenwynig,gwenwynig,no_SM,no_mutation,no_mutation,11.0,chyfuniad,wenwynig,"Mae cost diffyg gweithredu yn costio i bobl, gyda chyfuniad wenwynig o gyflogau isel a biliau uchel.",1
199,60,https://www.bbc.com/cymrufyw/erthyglau/cn0plr6zyr6o,"Mae cost diffyg gweithredu yn costio i bobl, gyda chyfuniad gwenwynig o gyflogau isel a biliau uchel.",chyfuniad,cyfuniad,AM,L,gyda,10.0,gyda,cyfuniad,"Mae cost diffyg gweithredu yn costio i bobl, gyda cyfuniad gwenwynig o gyflogau isel a biliau uchel.",1
